GRAND PRIX,DATE,WINNER,CAR,LAPS,TIME
Great Britain,1950-05-13,Nino Farina,ALFA ROMEO,70,13:23.6
Monaco,1950-05-21,Juan Manuel Fangio,ALFA ROMEO,100,13:18.7
Indianapolis 500,1950-05-30,Johnnie Parsons,KURTIS KRAFT OFFENHAUSER,138,46:56.0
Switzerland,1950-06-04,Nino Farina,ALFA ROMEO,42,02:53.7
Belgium,1950-06-18,Juan Manuel Fangio,ALFA ROMEO,35,47:26.0
France,1950-07-02,Juan Manuel Fangio,ALFA ROMEO,64,57:52.8
Italy,1950-09-03,Nino Farina,ALFA ROMEO,80,51:17.4
Switzerland,1951-05-27,Juan Manuel Fangio,ALFA ROMEO,42,07:53.6
Indianapolis 500,1951-05-30,Lee Wallard,KURTIS KRAFT OFFENHAUSER,200,57:38.0
Belgium,1951-06-17,Nino Farina,ALFA ROMEO,36,45:46.2
France,1951-07-01,Juan Manuel Fangio,ALFA ROMEO,77,22:11.0
France,1951-07-01,Luigi Fagioli,ALFA ROMEO,65,1:32:15.000
Great Britain,1951-07-14,Jose Froilan Gonzalez,FERRARI,90,42:18.2
Germany,1951-07-29,Alberto Ascari,FERRARI,20,23:03.3
Italy,1951-09-16,Alberto Ascari,FERRARI,80,42:39.3
Spain,1951-10-28,Juan Manuel Fangio,ALFA ROMEO,70,46:54.1
Switzerland,1952-05-18,Piero Taruffi,FERRARI,62,01:46.1
Indianapolis 500,1952-05-30,Troy Ruttman,KUZMA OFFENHAUSER,200,52:41.9
Belgium,1952-06-22,Alberto Ascari,FERRARI,36,03:46.3
France,1952-07-06,Alberto Ascari,FERRARI,77,00:00.0
Great Britain,1952-07-19,Alberto Ascari,FERRARI,85,44:11.0
Germany,1952-08-03,Alberto Ascari,FERRARI,18,06:13.3
Netherlands,1952-08-17,Alberto Ascari,FERRARI,90,53:28.5
Italy,1952-09-07,Alberto Ascari,FERRARI,80,50:45.6
Argentina,1953-01-18,Alberto Ascari,FERRARI,97,01:04.6
Indianapolis 500,1953-05-30,Bill Vukovich,KURTIS KRAFT OFFENHAUSER,200,53:01.7
Netherlands,1953-06-07,Alberto Ascari,FERRARI,90,53:35.8
Belgium,1953-06-21,Alberto Ascari,FERRARI,36,48:30.3
France,1953-07-05,Mike Hawthorn,FERRARI,60,44:18.6
Great Britain,1953-07-18,Alberto Ascari,FERRARI,90,50:00.0
Germany,1953-08-02,Nino Farina,FERRARI,18,02:25.0
Switzerland,1953-08-23,Alberto Ascari,FERRARI,65,01:34.4
Italy,1953-09-13,Juan Manuel Fangio,MASERATI,80,49:45.9
Argentina,1954-01-17,Juan Manuel Fangio,MASERATI,87,00:55.8
Indianapolis 500,1954-05-31,Bill Vukovich,KURTIS KRAFT OFFENHAUSER,200,49:17.3
Belgium,1954-06-20,Juan Manuel Fangio,MASERATI,36,44:42.4
France,1954-07-04,Juan Manuel Fangio,MERCEDES-BENZ,61,42:47.9
Great Britain,1954-07-17,Jose Froilan Gonzalez,FERRARI,90,56:14.0
Germany,1954-08-01,Juan Manuel Fangio,MERCEDES-BENZ,22,45:45.8
Switzerland,1954-08-22,Juan Manuel Fangio,MERCEDES-BENZ,66,00:34.5
Italy,1954-09-05,Juan Manuel Fangio,MERCEDES-BENZ,80,47:47.9
Spain,1954-10-24,Mike Hawthorn,FERRARI,80,13:52.1
Argentina,1955-01-16,Juan Manuel Fangio,MERCEDES-BENZ,96,00:38.6
Monaco,1955-05-22,Maurice Trintignant,FERRARI,100,58:09.7
Indianapolis 500,1955-05-30,Bob Sweikert,KURTIS KRAFT OFFENHAUSER,200,53:59.5
Belgium,1955-06-05,Juan Manuel Fangio,MERCEDES-BENZ,36,39:29.0
Netherlands,1955-06-19,Juan Manuel Fangio,MERCEDES-BENZ,100,54:23.8
Great Britain,1955-07-16,Stirling Moss,MERCEDES-BENZ,90,07:21.2
Italy,1955-09-11,Juan Manuel Fangio,MERCEDES-BENZ,50,25:04.4
Argentina,1956-01-22,Luigi Musso,FERRARI,98,00:03.7
Argentina,1956-01-22,Juan Manuel Fangio,FERRARI,98,00:03.7
Monaco,1956-05-13,Stirling Moss,MASERATI,100,00:32.9
Indianapolis 500,1956-05-30,Pat Flaherty,WATSON OFFENHAUSER,200,53:28.8
Belgium,1956-06-03,Peter Collins,FERRARI,36,40:00.3
France,1956-07-01,Peter Collins,FERRARI,61,34:23.4
Great Britain,1956-07-14,Juan Manuel Fangio,FERRARI,101,59:47.0
Germany,1956-08-05,Juan Manuel Fangio,FERRARI,22,38:43.7
Italy,1956-09-02,Stirling Moss,MASERATI,50,23:41.3
Argentina,1957-01-13,Juan Manuel Fangio,MASERATI,100,00:55.9
Monaco,1957-05-19,Juan Manuel Fangio,MASERATI,105,10:12.8
Indianapolis 500,1957-05-30,Sam Hanks,EPPERLY OFFENHAUSER,200,41:14.3
France,1957-07-07,Juan Manuel Fangio,MASERATI,77,07:46.4
Great Britain,1957-07-20,Stirling Moss,VANWALL,90,06:37.8
Great Britain,1957-07-20,Tony Brooks,VANWALL,90,06:37.8
Germany,1957-08-04,Juan Manuel Fangio,MASERATI,22,30:38.3
Pescara,1957-08-18,Stirling Moss,VANWALL,18,59:22.7
Italy,1957-09-08,Stirling Moss,VANWALL,87,35:03.9
Argentina,1958-01-19,Stirling Moss,COOPER CLIMAX,80,19:33.7
Monaco,1958-05-18,Maurice Trintignant,COOPER CLIMAX,100,52:27.9
Netherlands,1958-05-26,Stirling Moss,VANWALL,75,04:49.2
Indianapolis 500,1958-05-30,Jimmy Bryan,EPPERLY OFFENHAUSER,200,44:13.8
Belgium,1958-06-15,Tony Brooks,VANWALL,24,37:06.3
France,1958-07-06,Mike Hawthorn,FERRARI,50,03:21.3
Great Britain,1958-07-19,Peter Collins,FERRARI,75,09:04.2
Germany,1958-08-03,Tony Brooks,VANWALL,15,21:15.0
Portugal,1958-08-24,Stirling Moss,VANWALL,50,11:27.8
Italy,1958-09-07,Tony Brooks,VANWALL,70,03:47.8
Morocco,1958-10-19,Stirling Moss,VANWALL,53,09:15.1
Monaco,1959-05-10,Jack Brabham,COOPER CLIMAX,100,55:51.3
Indianapolis 500,1959-05-30,Rodger Ward,WATSON OFFENHAUSER,200,40:49.2
Netherlands,1959-05-31,Jo Bonnier,BRM,75,05:26.8
France,1959-07-05,Tony Brooks,FERRARI,50,01:26.5
Great Britain,1959-07-18,Jack Brabham,COOPER CLIMAX,75,30:11.6
Germany,1959-08-02,Tony Brooks,FERRARI,60,09:31.6
Portugal,1959-08-23,Stirling Moss,COOPER CLIMAX,62,11:55.4
Italy,1959-09-13,Stirling Moss,COOPER CLIMAX,72,04:05.4
United States,1959-12-12,Bruce McLaren,COOPER CLIMAX,42,12:35.7
Argentina,1960-02-07,Bruce McLaren,COOPER CLIMAX,80,17:49.5
Monaco,1960-05-29,Stirling Moss,LOTUS CLIMAX,100,53:45.5
Indianapolis 500,1960-05-30,Jim Rathmann,WATSON OFFENHAUSER,200,36:11.4
Netherlands,1960-06-06,Jack Brabham,COOPER CLIMAX,75,01:47.2
Belgium,1960-06-19,Jack Brabham,COOPER CLIMAX,36,21:37.3
France,1960-07-03,Jack Brabham,COOPER CLIMAX,50,57:24.9
Great Britain,1960-07-16,Jack Brabham,COOPER CLIMAX,77,04:24.6
Portugal,1960-08-14,Jack Brabham,COOPER CLIMAX,55,19:00.0
Italy,1960-09-04,Phil Hill,FERRARI,50,21:09.2
United States,1960-11-20,Stirling Moss,LOTUS CLIMAX,75,28:52.2
Monaco,1961-05-14,Stirling Moss,LOTUS CLIMAX,100,45:50.1
Netherlands,1961-05-22,Wolfgang von Trips,FERRARI,75,01:52.1
Belgium,1961-06-18,Phil Hill,FERRARI,30,03:03.8
France,1961-07-02,Giancarlo Baghetti,FERRARI,52,14:17.5
Great Britain,1961-07-15,Wolfgang von Trips,FERRARI,75,40:53.6
Germany,1961-08-06,Stirling Moss,LOTUS CLIMAX,15,18:12.4
Italy,1961-09-10,Phil Hill,FERRARI,43,03:13.0
United States,1961-10-08,Innes Ireland,LOTUS CLIMAX,100,13:45.8
Netherlands,1962-05-20,Graham Hill,BRM,80,11:02.1
Monaco,1962-06-03,Bruce McLaren,COOPER CLIMAX,100,46:29.7
Belgium,1962-06-17,Jim Clark,LOTUS CLIMAX,32,07:32.3
France,1962-07-08,Dan Gurney,PORSCHE,54,07:35.5
Great Britain,1962-07-21,Jim Clark,LOTUS CLIMAX,75,26:20.8
Germany,1962-08-05,Graham Hill,BRM,15,38:45.3
Italy,1962-09-16,Graham Hill,BRM,86,29:08.4
United States,1962-10-07,Jim Clark,LOTUS CLIMAX,100,07:13.0
South Africa,1962-12-29,Graham Hill,BRM,82,08:03.3
Monaco,1963-05-26,Graham Hill,BRM,100,41:49.7
Belgium,1963-06-09,Jim Clark,LOTUS CLIMAX,32,27:47.6
Netherlands,1963-06-23,Jim Clark,LOTUS CLIMAX,80,08:13.7
France,1963-06-30,Jim Clark,LOTUS CLIMAX,53,10:54.3
Great Britain,1963-07-20,Jim Clark,LOTUS CLIMAX,82,14:09.6
Germany,1963-08-04,John Surtees,FERRARI,15,13:06.8
Italy,1963-09-08,Jim Clark,LOTUS CLIMAX,86,24:19.6
United States,1963-10-06,Graham Hill,BRM,110,19:22.1
Mexico,1963-10-27,Jim Clark,LOTUS CLIMAX,65,09:52.1
South Africa,1963-12-28,Jim Clark,LOTUS CLIMAX,85,10:36.9
Monaco,1964-05-10,Graham Hill,BRM,100,41:19.5
Netherlands,1964-05-24,Jim Clark,LOTUS CLIMAX,80,07:35.4
Belgium,1964-06-14,Jim Clark,LOTUS CLIMAX,32,06:40.5
France,1964-06-28,Dan Gurney,BRABHAM CLIMAX,57,07:49.1
Great Britain,1964-07-11,Jim Clark,LOTUS CLIMAX,80,15:07.0
Germany,1964-08-02,John Surtees,FERRARI,15,12:04.8
Austria,1964-08-23,Lorenzo Bandini,FERRARI,105,06:18.2
Italy,1964-09-06,John Surtees,FERRARI,78,10:51.8
United States,1964-10-04,Graham Hill,BRM,110,16:38.0
Mexico,1964-10-25,Dan Gurney,BRABHAM CLIMAX,65,09:50.3
South Africa,1965-01-01,Jim Clark,LOTUS CLIMAX,85,06:46.0
Monaco,1965-05-30,Graham Hill,BRM,100,37:39.6
Belgium,1965-06-13,Jim Clark,LOTUS CLIMAX,32,23:34.8
France,1965-06-27,Jim Clark,LOTUS CLIMAX,40,14:38.4
Great Britain,1965-07-10,Jim Clark,LOTUS CLIMAX,80,05:25.4
Netherlands,1965-07-18,Jim Clark,LOTUS CLIMAX,80,03:59.1
Germany,1965-08-01,Jim Clark,LOTUS CLIMAX,15,07:52.4
Italy,1965-09-12,Jackie Stewart,BRM,76,04:52.8
United States,1965-10-03,Graham Hill,BRM,110,20:36.1
Mexico,1965-10-24,Richie Ginther,HONDA,65,08:32.1
Monaco,1966-05-22,Jackie Stewart,BRM,100,33:10.5
Belgium,1966-06-12,John Surtees,FERRARI,28,09:11.3
France,1966-07-03,Jack Brabham,BRABHAM REPCO,48,48:31.3
Great Britain,1966-07-16,Jack Brabham,BRABHAM REPCO,80,13:13.4
Netherlands,1966-07-24,Jack Brabham,BRABHAM REPCO,90,20:32.5
Germany,1966-08-07,Jack Brabham,BRABHAM REPCO,15,27:03.0
Italy,1966-09-04,Ludovico Scarfiotti,FERRARI,68,47:14.8
United States,1966-10-02,Jim Clark,LOTUS BRM,108,09:40.1
Mexico,1966-10-23,John Surtees,COOPER MASERATI,65,06:35.3
South Africa,1967-01-02,Pedro Rodriguez,COOPER MASERATI,80,05:45.9
Monaco,1967-05-07,Denny Hulme,BRABHAM REPCO,100,34:34.3
Netherlands,1967-06-04,Jim Clark,LOTUS FORD,90,14:45.1
Belgium,1967-06-18,Dan Gurney,EAGLE WESLAKE,28,40:49.4
France,1967-07-02,Jack Brabham,BRABHAM REPCO,80,13:21.3
Great Britain,1967-07-15,Jim Clark,LOTUS FORD,80,59:25.6
Germany,1967-08-06,Denny Hulme,BRABHAM REPCO,15,05:55.7
Canada,1967-08-27,Jack Brabham,BRABHAM REPCO,90,40:40.0
Italy,1967-09-10,John Surtees,HONDA,68,43:45.0
United States,1967-10-01,Jim Clark,LOTUS FORD,108,03:13.2
Mexico,1967-10-22,Jim Clark,LOTUS FORD,65,59:28.7
South Africa,1968-01-01,Jim Clark,LOTUS FORD,80,53:56.6
Spain,1968-05-12,Graham Hill,LOTUS FORD,90,15:20.1
Monaco,1968-05-26,Graham Hill,LOTUS FORD,80,00:32.3
Belgium,1968-06-09,Bruce McLaren,MCLAREN FORD,28,40:02.1
Netherlands,1968-06-23,Jackie Stewart,MATRA FORD,90,46:11.3
France,1968-07-07,Jacky Ickx,FERRARI,60,25:40.9
Great Britain,1968-07-20,Jo Siffert,LOTUS FORD,80,01:20.3
Germany,1968-08-04,Jackie Stewart,MATRA FORD,14,19:03.2
Italy,1968-09-08,Denny Hulme,MCLAREN FORD,68,40:14.8
Canada,1968-09-22,Denny Hulme,MCLAREN FORD,90,27:11.2
United States,1968-10-06,Jackie Stewart,MATRA FORD,108,59:20.3
Mexico,1968-11-03,Graham Hill,LOTUS FORD,65,56:44.0
South Africa,1969-03-01,Jackie Stewart,MATRA FORD,80,50:39.1
Spain,1969-05-04,Jackie Stewart,MATRA FORD,90,16:54.0
Monaco,1969-05-18,Graham Hill,LOTUS FORD,80,56:59.4
Netherlands,1969-06-21,Jackie Stewart,MATRA FORD,90,06:42.1
France,1969-07-06,Jackie Stewart,MATRA FORD,38,56:47.4
Great Britain,1969-07-19,Jackie Stewart,MATRA FORD,84,55:55.6
Germany,1969-08-03,Jacky Ickx,BRABHAM FORD,14,49:55.4
Italy,1969-09-07,Jackie Stewart,MATRA FORD,68,39:11.3
Canada,1969-09-20,Jacky Ickx,BRABHAM FORD,90,59:25.7
United States,1969-10-05,Jochen Rindt,LOTUS FORD,108,57:56.8
Mexico,1969-10-19,Denny Hulme,MCLAREN FORD,65,54:08.8
South Africa,1970-03-07,Jack Brabham,BRABHAM FORD,80,49:34.6
Spain,1970-04-19,Jackie Stewart,MARCH FORD,90,10:58.2
Monaco,1970-05-10,Jochen Rindt,LOTUS FORD,80,54:36.6
Belgium,1970-06-07,Pedro Rodriguez,BRM,28,38:09.9
Netherlands,1970-06-21,Jochen Rindt,LOTUS FORD,80,50:43.4
France,1970-07-05,Jochen Rindt,LOTUS FORD,38,55:57.0
Great Britain,1970-07-18,Jochen Rindt,LOTUS FORD,80,57:02.0
Germany,1970-08-02,Jochen Rindt,LOTUS FORD,50,42:00.3
Austria,1970-08-16,Jacky Ickx,FERRARI,60,42:17.3
Italy,1970-09-06,Clay Regazzoni,FERRARI,68,39:06.9
Canada,1970-09-20,Jacky Ickx,FERRARI,90,21:18.4
United States,1970-10-04,Emerson Fittipaldi,LOTUS FORD,108,57:32.8
Mexico,1970-10-25,Jacky Ickx,FERRARI,65,53:28.4
South Africa,1971-03-06,Mario Andretti,FERRARI,79,47:35.5
Spain,1971-04-18,Jackie Stewart,TYRRELL FORD,75,49:03.4
Monaco,1971-05-23,Jackie Stewart,TYRRELL FORD,80,52:21.3
Netherlands,1971-06-20,Jacky Ickx,FERRARI,70,56:20.1
France,1971-07-04,Jackie Stewart,TYRRELL FORD,55,46:41.7
Great Britain,1971-07-17,Jackie Stewart,TYRRELL FORD,68,31:31.5
Germany,1971-08-01,Jackie Stewart,TYRRELL FORD,12,29:15.7
Austria,1971-08-15,Jo Siffert,BRM,54,30:23.9
Italy,1971-09-05,Peter Gethin,BRM,55,18:12.6
Canada,1971-09-19,Jackie Stewart,TYRRELL FORD,64,55:12.9
United States,1971-10-03,Francois Cevert,TYRRELL FORD,59,43:52.0
Argentina,1972-01-23,Jackie Stewart,TYRRELL FORD,95,57:58.8
South Africa,1972-03-04,Denny Hulme,MCLAREN FORD,79,45:49.1
Spain,1972-05-01,Emerson Fittipaldi,LOTUS FORD,90,03:41.2
Monaco,1972-05-14,Jean-Pierre Beltoise,BRM,80,26:54.7
Belgium,1972-06-04,Emerson Fittipaldi,LOTUS FORD,85,44:06.7
France,1972-07-02,Jackie Stewart,TYRRELL FORD,38,52:21.5
Great Britain,1972-07-15,Emerson Fittipaldi,LOTUS FORD,76,47:50.2
Germany,1972-07-30,Jacky Ickx,FERRARI,14,42:12.3
Austria,1972-08-13,Emerson Fittipaldi,LOTUS FORD,54,29:16.7
Italy,1972-09-10,Emerson Fittipaldi,LOTUS FORD,55,29:58.4
Canada,1972-09-24,Jackie Stewart,TYRRELL FORD,80,43:16.9
United States,1972-10-08,Jackie Stewart,TYRRELL FORD,59,41:45.4
Argentina,1973-01-28,Emerson Fittipaldi,LOTUS FORD,96,56:18.2
Brazil,1973-02-11,Emerson Fittipaldi,LOTUS FORD,40,43:55.6
South Africa,1973-03-03,Jackie Stewart,TYRRELL FORD,79,43:11.1
Spain,1973-04-29,Emerson Fittipaldi,LOTUS FORD,75,48:18.7
Belgium,1973-05-20,Jackie Stewart,TYRRELL FORD,70,42:13.4
Monaco,1973-06-03,Jackie Stewart,TYRRELL FORD,78,57:44.3
Sweden,1973-06-17,Denny Hulme,MCLAREN FORD,80,56:46.0
France,1973-07-01,Ronnie Peterson,LOTUS FORD,54,41:36.5
Great Britain,1973-07-14,Peter Revson,MCLAREN FORD,67,29:18.5
Netherlands,1973-07-29,Jackie Stewart,TYRRELL FORD,72,39:12.5
Germany,1973-08-05,Jackie Stewart,TYRRELL FORD,14,42:03.0
Austria,1973-08-19,Ronnie Peterson,LOTUS FORD,54,28:48.8
Italy,1973-09-09,Ronnie Peterson,LOTUS FORD,55,29:17.0
Canada,1973-09-23,Peter Revson,MCLAREN FORD,80,59:04.1
United States,1973-10-07,Ronnie Peterson,LOTUS FORD,59,41:15.8
Argentina,1974-01-13,Denny Hulme,MCLAREN FORD,53,41:02.0
Brazil,1974-01-27,Emerson Fittipaldi,MCLAREN FORD,32,24:37.1
South Africa,1974-03-30,Carlos Reutemann,BRABHAM FORD,78,42:41.0
Spain,1974-04-28,Niki Lauda,FERRARI,84,00:29.6
Belgium,1974-05-12,Emerson Fittipaldi,MCLAREN FORD,85,44:20.6
Monaco,1974-05-26,Ronnie Peterson,LOTUS FORD,78,58:03.7
Sweden,1974-06-09,Jody Scheckter,TYRRELL FORD,80,58:31.4
Netherlands,1974-06-23,Niki Lauda,FERRARI,75,43:00.4
France,1974-07-07,Ronnie Peterson,LOTUS FORD,80,21:55.0
Great Britain,1974-07-20,Jody Scheckter,TYRRELL FORD,75,43:02.2
Germany,1974-08-04,Clay Regazzoni,FERRARI,14,41:35.0
Austria,1974-08-18,Carlos Reutemann,BRABHAM FORD,54,28:44.7
Italy,1974-09-08,Ronnie Peterson,LOTUS FORD,52,22:56.6
Canada,1974-09-22,Emerson Fittipaldi,MCLAREN FORD,80,40:26.1
United States,1974-10-06,Carlos Reutemann,BRABHAM FORD,59,40:21.4
Argentina,1975-01-12,Emerson Fittipaldi,MCLAREN FORD,53,39:26.3
Brazil,1975-01-26,Carlos Pace,BRABHAM FORD,40,44:41.2
South Africa,1975-03-01,Jody Scheckter,TYRRELL FORD,78,43:16.9
Spain,1975-04-27,Jochen Mass,MCLAREN FORD,29,42:53.7
Monaco,1975-05-11,Niki Lauda,FERRARI,75,01:21.3
Belgium,1975-05-25,Niki Lauda,FERRARI,70,43:54.0
Sweden,1975-06-08,Niki Lauda,FERRARI,80,59:18.3
Netherlands,1975-06-22,James Hunt,HESKETH FORD,75,46:57.4
France,1975-07-06,Niki Lauda,FERRARI,54,40:18.8
Great Britain,1975-07-19,Emerson Fittipaldi,MCLAREN FORD,56,22:05.0
Germany,1975-08-03,Carlos Reutemann,BRABHAM FORD,14,41:14.1
Austria,1975-08-17,Vittorio Brambilla,MARCH FORD,29,57:56.7
Italy,1975-09-07,Clay Regazzoni,FERRARI,52,22:42.6
United States,1975-10-05,Niki Lauda,FERRARI,59,42:58.2
Brazil,1976-01-25,Niki Lauda,FERRARI,40,45:16.8
South Africa,1976-03-06,Niki Lauda,FERRARI,78,42:18.4
USA West,1976-03-28,Clay Regazzoni,FERRARI,80,53:18.5
Spain,1976-05-02,James Hunt,MCLAREN FORD,75,42:20.4
Belgium,1976-05-16,Niki Lauda,FERRARI,70,42:53.2
Monaco,1976-05-30,Niki Lauda,FERRARI,78,59:51.5
Sweden,1976-06-13,Jody Scheckter,TYRRELL FORD,72,46:53.7
France,1976-07-04,James Hunt,MCLAREN FORD,54,40:58.6
Great Britain,1976-07-18,Niki Lauda,FERRARI,76,44:19.7
Germany,1976-08-01,James Hunt,MCLAREN FORD,14,41:42.7
Austria,1976-08-15,John Watson,PENSKE FORD,54,30:07.9
Netherlands,1976-08-29,James Hunt,MCLAREN FORD,75,44:52.1
Italy,1976-09-12,Ronnie Peterson,MARCH FORD,52,30:35.6
Canada,1976-10-03,James Hunt,MCLAREN FORD,80,40:09.6
USA East,1976-10-10,James Hunt,MCLAREN FORD,59,42:40.7
Japan,1976-10-24,Mario Andretti,LOTUS FORD,73,43:58.9
Argentina,1977-01-09,Jody Scheckter,WOLF FORD,53,40:11.2
Brazil,1977-01-23,Carlos Reutemann,FERRARI,40,45:07.7
South Africa,1977-03-05,Niki Lauda,FERRARI,78,42:21.6
USA West,1977-04-03,Mario Andretti,LOTUS FORD,80,51:35.5
Spain,1977-05-08,Mario Andretti,LOTUS FORD,75,42:52.2
Monaco,1977-05-22,Jody Scheckter,WOLF FORD,76,57:52.8
Belgium,1977-06-05,Gunnar Nilsson,LOTUS FORD,70,55:05.7
Sweden,1977-06-19,Jacques Laffite,LIGIER MATRA,72,46:55.5
France,1977-07-03,Mario Andretti,LOTUS FORD,80,39:40.1
Great Britain,1977-07-16,James Hunt,MCLAREN FORD,68,31:46.1
Germany,1977-07-31,Niki Lauda,FERRARI,47,31:48.6
Austria,1977-08-14,Alan Jones,SHADOW FORD,54,37:16.5
Netherlands,1977-08-28,Niki Lauda,FERRARI,75,41:45.9
Italy,1977-09-11,Mario Andretti,LOTUS FORD,52,27:50.3
USA East,1977-10-02,James Hunt,MCLAREN FORD,59,58:23.3
Canada,1977-10-09,Jody Scheckter,WOLF FORD,80,40:00.0
Japan,1977-10-23,James Hunt,MCLAREN FORD,73,31:51.7
Argentina,1978-01-15,Mario Andretti,LOTUS FORD,52,37:04.5
Brazil,1978-01-29,Carlos Reutemann,FERRARI,63,49:59.9
South Africa,1978-03-04,Ronnie Peterson,LOTUS FORD,78,42:15.8
USA West,1978-04-02,Carlos Reutemann,FERRARI,80,52:01.3
Monaco,1978-05-07,Patrick Depailler,TYRRELL FORD,75,55:14.7
Belgium,1978-05-21,Mario Andretti,LOTUS FORD,70,39:52.0
Spain,1978-06-04,Mario Andretti,LOTUS FORD,75,41:47.1
Sweden,1978-06-17,Niki Lauda,BRABHAM ALFA ROMEO,70,41:00.6
France,1978-07-02,Mario Andretti,LOTUS FORD,54,38:51.9
Great Britain,1978-07-16,Carlos Reutemann,FERRARI,76,42:12.4
Germany,1978-07-30,Mario Andretti,LOTUS FORD,45,28:00.9
Austria,1978-08-13,Ronnie Peterson,LOTUS FORD,54,41:21.6
Netherlands,1978-08-27,Mario Andretti,LOTUS FORD,75,41:04.2
Italy,1978-09-10,Niki Lauda,BRABHAM ALFA ROMEO,40,07:04.5
USA East,1978-10-01,Carlos Reutemann,FERRARI,59,40:48.8
Canada,1978-10-08,Gilles Villeneuve,FERRARI,70,57:49.2
Argentina,1979-01-21,Jacques Laffite,LIGIER FORD,53,36:03.2
Brazil,1979-02-04,Jacques Laffite,LIGIER FORD,40,40:09.6
South Africa,1979-03-03,Gilles Villeneuve,FERRARI,78,41:50.0
USA West,1979-04-08,Gilles Villeneuve,FERRARI,80,50:25.4
Spain,1979-04-29,Patrick Depailler,LIGIER FORD,75,39:11.8
Belgium,1979-05-13,Jody Scheckter,FERRARI,70,39:59.5
Monaco,1979-05-27,Jody Scheckter,FERRARI,76,55:22.5
France,1979-07-01,Jean-Pierre Jabouille,RENAULT,80,35:20.4
Great Britain,1979-07-14,Clay Regazzoni,WILLIAMS FORD,68,26:11.2
Germany,1979-07-29,Alan Jones,WILLIAMS FORD,45,24:48.8
Austria,1979-08-12,Alan Jones,WILLIAMS FORD,54,27:38.0
Netherlands,1979-08-26,Alan Jones,WILLIAMS FORD,75,41:19.8
Italy,1979-09-09,Jody Scheckter,FERRARI,50,22:00.2
Canada,1979-09-30,Alan Jones,WILLIAMS FORD,72,52:06.9
USA East,1979-10-07,Gilles Villeneuve,FERRARI,59,52:17.7
Argentina,1980-01-13,Alan Jones,WILLIAMS FORD,53,43:24.4
Brazil,1980-01-27,Rene Arnoux,RENAULT,40,40:01.3
South Africa,1980-03-01,Rene Arnoux,RENAULT,78,36:52.5
USA West,1980-03-30,Nelson Piquet,BRABHAM FORD,80,50:18.6
Belgium,1980-05-04,Didier Pironi,LIGIER FORD,72,38:46.5
Monaco,1980-05-18,Carlos Reutemann,WILLIAMS FORD,76,55:34.4
France,1980-06-29,Alan Jones,WILLIAMS FORD,54,32:43.4
Great Britain,1980-07-13,Alan Jones,WILLIAMS FORD,76,34:49.2
Germany,1980-08-10,Jacques Laffite,LIGIER FORD,45,22:59.7
Austria,1980-08-17,Jean-Pierre Jabouille,RENAULT,54,26:15.7
Netherlands,1980-08-31,Nelson Piquet,BRABHAM FORD,72,38:13.8
Italy,1980-09-14,Nelson Piquet,BRABHAM FORD,60,38:07.5
Canada,1980-09-28,Alan Jones,WILLIAMS FORD,70,46:45.5
USA East,1980-10-05,Alan Jones,WILLIAMS FORD,59,34:36.0
USA West,1981-03-15,Alan Jones,WILLIAMS FORD,80,50:41.3
Brazil,1981-03-29,Carlos Reutemann,WILLIAMS FORD,62,00:23.7
Argentina,1981-04-12,Nelson Piquet,BRABHAM FORD,53,34:32.7
San Marino,1981-05-03,Nelson Piquet,BRABHAM FORD,60,51:24.0
Belgium,1981-05-17,Carlos Reutemann,WILLIAMS FORD,54,16:31.6
Monaco,1981-05-31,Gilles Villeneuve,FERRARI,76,54:23.4
Spain,1981-06-21,Gilles Villeneuve,FERRARI,80,46:35.0
France,1981-07-05,Alain Prost,RENAULT,80,35:48.1
Great Britain,1981-07-18,John Watson,MCLAREN FORD,68,26:54.8
Germany,1981-08-02,Nelson Piquet,BRABHAM FORD,45,25:55.6
Austria,1981-08-16,Jacques Laffite,LIGIER MATRA,53,27:36.5
Netherlands,1981-08-30,Alain Prost,RENAULT,72,40:22.4
Italy,1981-09-13,Alain Prost,RENAULT,52,26:33.9
Canada,1981-09-27,Jacques Laffite,LIGIER MATRA,63,01:25.2
Las Vegas,1981-10-17,Alan Jones,WILLIAMS FORD,75,44:09.1
South Africa,1982-01-23,Alain Prost,RENAULT,77,32:08.4
Brazil,1982-03-21,Alain Prost,RENAULT,63,44:33.1
USA West,1982-04-04,Niki Lauda,MCLAREN FORD,75,58:25.3
San Marino,1982-04-25,Didier Pironi,FERRARI,60,36:38.9
Belgium,1982-05-09,John Watson,MCLAREN FORD,70,35:42.0
Monaco,1982-05-23,Riccardo Patrese,BRABHAM FORD,76,54:11.3
Detroit,1982-06-06,John Watson,MCLAREN FORD,62,58:41.0
Canada,1982-06-13,Nelson Piquet,BRABHAM BMW,70,46:39.6
Netherlands,1982-07-03,Didier Pironi,FERRARI,72,38:03.3
Great Britain,1982-07-18,Niki Lauda,MCLAREN FORD,76,35:33.8
France,1982-07-25,Rene Arnoux,RENAULT,54,33:33.2
Germany,1982-08-08,Patrick Tambay,FERRARI,45,27:25.2
Austria,1982-08-15,Elio de Angelis,LOTUS FORD,53,25:02.2
Switzerland,1982-08-29,Keke Rosberg,WILLIAMS FORD,80,32:41.1
Italy,1982-09-12,Rene Arnoux,RENAULT,52,22:25.7
Las Vegas,1982-09-25,Michele Alboreto,TYRRELL FORD,75,41:56.9
Brazil,1983-03-13,Nelson Piquet,BRABHAM BMW,63,48:27.7
USA West,1983-03-27,John Watson,MCLAREN FORD,75,53:34.9
France,1983-04-17,Alain Prost,RENAULT,54,34:13.9
San Marino,1983-05-01,Patrick Tambay,FERRARI,60,37:52.5
Monaco,1983-05-15,Keke Rosberg,WILLIAMS FORD,76,56:38.1
Belgium,1983-05-22,Alain Prost,RENAULT,40,27:11.5
Detroit,1983-06-05,Michele Alboreto,TYRRELL FORD,60,50:53.7
Canada,1983-06-12,Rene Arnoux,FERRARI,70,48:31.8
Great Britain,1983-07-16,Alain Prost,RENAULT,67,24:39.8
Germany,1983-08-07,Rene Arnoux,FERRARI,45,27:10.3
Austria,1983-08-14,Alain Prost,RENAULT,53,24:32.7
Netherlands,1983-08-28,Rene Arnoux,FERRARI,72,38:42.0
Italy,1983-09-11,Nelson Piquet,BRABHAM BMW,52,23:10.9
Europe,1983-09-25,Nelson Piquet,BRABHAM BMW,76,36:45.9
South Africa,1983-10-15,Riccardo Patrese,BRABHAM BMW,77,33:25.7
Brazil,1984-03-25,Alain Prost,MCLAREN TAG,61,42:34.5
South Africa,1984-04-07,Niki Lauda,MCLAREN TAG,75,29:23.4
Belgium,1984-04-29,Michele Alboreto,FERRARI,70,36:32.0
San Marino,1984-05-06,Alain Prost,MCLAREN TAG,60,36:53.7
France,1984-05-20,Niki Lauda,MCLAREN TAG,79,31:12.0
Monaco,1984-06-03,Alain Prost,MCLAREN TAG,31,01:07.7
Canada,1984-06-17,Nelson Piquet,BRABHAM BMW,70,46:23.7
Detroit,1984-06-24,Nelson Piquet,BRABHAM BMW,63,55:41.8
Dallas,1984-07-08,Keke Rosberg,WILLIAMS HONDA,67,01:22.6
Great Britain,1984-07-22,Niki Lauda,MCLAREN TAG,71,29:28.5
Germany,1984-08-05,Alain Prost,MCLAREN TAG,44,24:43.2
Austria,1984-08-19,Niki Lauda,MCLAREN TAG,51,21:12.9
Netherlands,1984-08-26,Alain Prost,MCLAREN TAG,71,37:21.5
Italy,1984-09-09,Niki Lauda,MCLAREN TAG,51,20:29.1
Europe,1984-10-07,Alain Prost,MCLAREN TAG,67,35:13.3
Portugal,1984-10-21,Alain Prost,MCLAREN TAG,70,41:11.8
Brazil,1985-04-07,Alain Prost,MCLAREN TAG,61,41:26.1
Portugal,1985-04-21,Ayrton Senna,LOTUS RENAULT,67,00:28.0
San Marino,1985-05-05,Elio de Angelis,LOTUS RENAULT,60,34:36.0
Monaco,1985-05-19,Alain Prost,MCLAREN TAG,78,51:58.0
Canada,1985-06-16,Michele Alboreto,FERRARI,70,46:01.8
Detroit,1985-06-23,Keke Rosberg,WILLIAMS HONDA,63,55:39.9
France,1985-07-07,Nelson Piquet,BRABHAM BMW,53,31:46.3
Great Britain,1985-07-21,Alain Prost,MCLAREN TAG,65,18:10.4
Germany,1985-08-04,Michele Alboreto,FERRARI,67,35:31.3
Austria,1985-08-18,Alain Prost,MCLAREN TAG,52,20:12.6
Netherlands,1985-08-25,Niki Lauda,MCLAREN TAG,70,32:29.3
Italy,1985-09-08,Alain Prost,MCLAREN TAG,51,17:59.5
Belgium,1985-09-15,Ayrton Senna,LOTUS RENAULT,43,34:19.9
Europe,1985-10-06,Nigel Mansell,WILLIAMS HONDA,75,32:58.1
South Africa,1985-10-19,Nigel Mansell,WILLIAMS HONDA,75,28:22.9
Australia,1985-11-03,Keke Rosberg,WILLIAMS HONDA,82,00:40.5
Brazil,1986-03-23,Nelson Piquet,WILLIAMS HONDA,61,39:32.6
Spain,1986-04-13,Ayrton Senna,LOTUS RENAULT,72,48:47.7
San Marino,1986-04-27,Alain Prost,MCLAREN TAG,60,32:28.4
Monaco,1986-05-11,Alain Prost,MCLAREN TAG,78,55:41.1
Belgium,1986-05-25,Nigel Mansell,WILLIAMS HONDA,43,27:57.9
Canada,1986-06-15,Nigel Mansell,WILLIAMS HONDA,69,42:26.4
Detroit,1986-06-22,Ayrton Senna,LOTUS RENAULT,63,51:12.8
France,1986-07-06,Nigel Mansell,WILLIAMS HONDA,80,37:19.3
Great Britain,1986-07-13,Nigel Mansell,WILLIAMS HONDA,75,30:38.5
Germany,1986-07-27,Nelson Piquet,WILLIAMS HONDA,44,22:08.3
Hungary,1986-08-10,Nelson Piquet,WILLIAMS HONDA,76,00:34.5
Austria,1986-08-17,Alain Prost,MCLAREN TAG,52,21:22.5
Italy,1986-09-07,Nelson Piquet,WILLIAMS HONDA,51,17:42.9
Portugal,1986-09-21,Nigel Mansell,WILLIAMS HONDA,70,37:21.9
Mexico,1986-10-12,Gerhard Berger,BENETTON BMW,68,33:18.7
Australia,1986-10-26,Alain Prost,MCLAREN TAG,82,54:20.4
Brazil,1987-04-12,Alain Prost,MCLAREN TAG,61,39:45.1
San Marino,1987-05-03,Nigel Mansell,WILLIAMS HONDA,59,31:24.1
Belgium,1987-05-17,Alain Prost,MCLAREN TAG,43,27:03.2
Monaco,1987-05-31,Ayrton Senna,LOTUS HONDA,78,57:54.1
Detroit,1987-06-21,Ayrton Senna,LOTUS HONDA,63,50:16.4
France,1987-07-05,Nigel Mansell,WILLIAMS HONDA,80,37:03.8
Great Britain,1987-07-12,Nigel Mansell,WILLIAMS HONDA,65,19:11.8
Germany,1987-07-26,Nelson Piquet,WILLIAMS HONDA,44,21:25.1
Hungary,1987-08-09,Nelson Piquet,WILLIAMS HONDA,76,59:26.8
Austria,1987-08-16,Nigel Mansell,WILLIAMS HONDA,52,18:44.9
Italy,1987-09-06,Nelson Piquet,WILLIAMS HONDA,50,14:47.7
Portugal,1987-09-20,Alain Prost,MCLAREN TAG,70,37:03.9
Spain,1987-09-27,Nigel Mansell,WILLIAMS HONDA,72,49:12.7
Mexico,1987-10-18,Nigel Mansell,WILLIAMS HONDA,63,26:24.2
Japan,1987-11-01,Gerhard Berger,FERRARI,51,32:58.1
Australia,1987-11-15,Gerhard Berger,FERRARI,82,52:56.1
Brazil,1988-04-03,Alain Prost,MCLAREN HONDA,60,36:06.9
San Marino,1988-05-01,Ayrton Senna,MCLAREN HONDA,60,32:41.3
Monaco,1988-05-15,Alain Prost,MCLAREN HONDA,78,57:17.1
Mexico,1988-05-29,Alain Prost,MCLAREN HONDA,67,30:15.7
Canada,1988-06-12,Ayrton Senna,MCLAREN HONDA,69,39:46.6
Detroit,1988-06-19,Ayrton Senna,MCLAREN HONDA,63,54:56.0
France,1988-07-03,Alain Prost,MCLAREN HONDA,80,37:37.3
Great Britain,1988-07-10,Ayrton Senna,MCLAREN HONDA,65,33:16.4
Germany,1988-07-24,Ayrton Senna,MCLAREN HONDA,44,32:54.2
Hungary,1988-08-07,Ayrton Senna,MCLAREN HONDA,76,57:47.1
Belgium,1988-08-28,Ayrton Senna,MCLAREN HONDA,43,28:00.5
Italy,1988-09-11,Gerhard Berger,FERRARI,51,17:39.7
Portugal,1988-09-25,Alain Prost,MCLAREN HONDA,70,37:41.0
Spain,1988-10-02,Alain Prost,MCLAREN HONDA,72,48:43.9
Japan,1988-10-30,Ayrton Senna,MCLAREN HONDA,51,33:26.2
Australia,1988-11-13,Alain Prost,MCLAREN HONDA,82,53:14.7
Brazil,1989-03-26,Nigel Mansell,FERRARI,61,38:58.7
San Marino,1989-04-23,Ayrton Senna,MCLAREN HONDA,58,26:51.2
Monaco,1989-05-07,Ayrton Senna,MCLAREN HONDA,77,53:33.3
Mexico,1989-05-28,Ayrton Senna,MCLAREN HONDA,69,35:21.4
United States,1989-06-04,Alain Prost,MCLAREN HONDA,75,01:33.1
Canada,1989-06-18,Thierry Boutsen,WILLIAMS RENAULT,69,01:24.1
France,1989-07-09,Alain Prost,MCLAREN HONDA,80,38:29.4
Great Britain,1989-07-16,Alain Prost,MCLAREN HONDA,64,19:22.1
Germany,1989-07-30,Ayrton Senna,MCLAREN HONDA,45,21:43.3
Hungary,1989-08-13,Nigel Mansell,FERRARI,77,49:38.7
Belgium,1989-08-27,Ayrton Senna,MCLAREN HONDA,44,40:54.2
Italy,1989-09-10,Alain Prost,MCLAREN HONDA,53,19:27.5
Portugal,1989-09-24,Gerhard Berger,FERRARI,71,36:48.5
Spain,1989-10-01,Ayrton Senna,MCLAREN HONDA,72,47:48.3
Japan,1989-10-22,Alessandro Nannini,BENETTON FORD,53,35:06.3
Australia,1989-11-05,Thierry Boutsen,WILLIAMS RENAULT,70,00:17.4
United States,1990-03-11,Ayrton Senna,MCLAREN HONDA,72,52:32.8
Brazil,1990-03-25,Alain Prost,FERRARI,71,37:21.3
San Marino,1990-05-13,Riccardo Patrese,WILLIAMS RENAULT,61,30:55.5
Monaco,1990-05-27,Ayrton Senna,MCLAREN HONDA,78,52:47.0
Canada,1990-06-10,Ayrton Senna,MCLAREN HONDA,70,42:56.4
Mexico,1990-06-24,Alain Prost,FERRARI,69,32:35.8
France,1990-07-08,Alain Prost,FERRARI,80,33:29.6
Great Britain,1990-07-15,Alain Prost,FERRARI,64,18:31.0
Germany,1990-07-29,Ayrton Senna,MCLAREN HONDA,45,20:47.2
Hungary,1990-08-12,Thierry Boutsen,WILLIAMS RENAULT,77,49:30.6
Belgium,1990-08-26,Ayrton Senna,MCLAREN HONDA,44,26:32.0
Italy,1990-09-09,Ayrton Senna,MCLAREN HONDA,53,17:57.9
Portugal,1990-09-23,Nigel Mansell,FERRARI,61,22:11.0
Spain,1990-09-30,Alain Prost,FERRARI,73,48:01.5
Japan,1990-10-21,Nelson Piquet,BENETTON FORD,53,34:36.8
Australia,1990-11-04,Nelson Piquet,BENETTON FORD,81,49:44.6
United States,1991-03-10,Ayrton Senna,MCLAREN HONDA,81,00:47.8
Brazil,1991-03-24,Ayrton Senna,MCLAREN HONDA,71,38:28.1
San Marino,1991-04-28,Ayrton Senna,MCLAREN HONDA,61,35:14.8
Monaco,1991-05-12,Ayrton Senna,MCLAREN HONDA,78,53:02.3
Canada,1991-06-02,Nelson Piquet,BENETTON FORD,69,38:51.5
Mexico,1991-06-16,Riccardo Patrese,WILLIAMS RENAULT,67,29:52.2
France,1991-07-07,Nigel Mansell,WILLIAMS RENAULT,72,38:00.1
Great Britain,1991-07-14,Nigel Mansell,WILLIAMS RENAULT,59,27:35.5
Germany,1991-07-28,Nigel Mansell,WILLIAMS RENAULT,45,19:29.7
Hungary,1991-08-11,Ayrton Senna,MCLAREN HONDA,77,49:12.8
Belgium,1991-08-25,Ayrton Senna,MCLAREN HONDA,44,27:17.7
Italy,1991-09-08,Nigel Mansell,WILLIAMS RENAULT,53,17:54.3
Portugal,1991-09-22,Riccardo Patrese,WILLIAMS RENAULT,71,35:42.3
Spain,1991-09-29,Nigel Mansell,WILLIAMS RENAULT,65,38:41.5
Japan,1991-10-20,Gerhard Berger,MCLAREN HONDA,53,32:10.7
Australia,1991-11-03,Ayrton Senna,MCLAREN HONDA,14,24:34.9
South Africa,1992-03-01,Nigel Mansell,WILLIAMS RENAULT,72,36:45.3
Mexico,1992-03-22,Nigel Mansell,WILLIAMS RENAULT,69,31:53.6
Brazil,1992-04-05,Nigel Mansell,WILLIAMS RENAULT,71,36:51.9
Spain,1992-05-03,Nigel Mansell,WILLIAMS RENAULT,65,56:10.7
San Marino,1992-05-17,Nigel Mansell,WILLIAMS RENAULT,60,28:40.9
Monaco,1992-05-31,Ayrton Senna,MCLAREN HONDA,78,50:59.4
Canada,1992-06-14,Gerhard Berger,MCLAREN HONDA,69,37:08.3
France,1992-07-05,Nigel Mansell,WILLIAMS RENAULT,69,38:08.5
Great Britain,1992-07-12,Nigel Mansell,WILLIAMS RENAULT,59,25:43.0
Germany,1992-07-26,Nigel Mansell,WILLIAMS RENAULT,45,18:22.0
Hungary,1992-08-16,Ayrton Senna,MCLAREN HONDA,77,46:19.2
Belgium,1992-08-30,Michael Schumacher,BENETTON FORD,44,36:10.7
Italy,1992-09-13,Ayrton Senna,MCLAREN HONDA,53,18:15.3
Portugal,1992-09-27,Nigel Mansell,WILLIAMS RENAULT,71,34:46.7
Japan,1992-10-25,Riccardo Patrese,WILLIAMS RENAULT,53,33:09.6
Australia,1992-11-08,Gerhard Berger,MCLAREN HONDA,82,46:54.8
South Africa,1993-03-14,Alain Prost,WILLIAMS RENAULT,72,38:45.1
Brazil,1993-03-28,Ayrton Senna,MCLAREN FORD,71,51:15.5
Europe,1993-04-11,Ayrton Senna,MCLAREN FORD,76,50:46.6
San Marino,1993-04-25,Alain Prost,WILLIAMS RENAULT,61,33:20.4
Spain,1993-05-09,Alain Prost,WILLIAMS RENAULT,65,32:27.7
Monaco,1993-05-23,Ayrton Senna,MCLAREN FORD,78,52:10.9
Canada,1993-06-13,Alain Prost,WILLIAMS RENAULT,69,36:41.8
France,1993-07-04,Alain Prost,WILLIAMS RENAULT,72,38:35.2
Great Britain,1993-07-11,Alain Prost,WILLIAMS RENAULT,59,25:38.2
Germany,1993-07-25,Alain Prost,WILLIAMS RENAULT,45,18:40.9
Hungary,1993-08-15,Damon Hill,WILLIAMS RENAULT,77,47:39.1
Belgium,1993-08-29,Damon Hill,WILLIAMS RENAULT,44,24:32.1
Italy,1993-09-12,Damon Hill,WILLIAMS RENAULT,53,17:07.5
Portugal,1993-09-26,Michael Schumacher,BENETTON FORD,71,32:46.3
Japan,1993-10-24,Ayrton Senna,MCLAREN FORD,53,40:27.9
Australia,1993-11-07,Ayrton Senna,MCLAREN FORD,79,43:27.5
Brazil,1994-03-27,Michael Schumacher,BENETTON FORD,71,35:38.8
Pacific,1994-04-17,Michael Schumacher,BENETTON FORD,83,46:01.7
San Marino,1994-05-01,Michael Schumacher,BENETTON FORD,58,28:28.6
Monaco,1994-05-15,Michael Schumacher,BENETTON FORD,78,49:55.4
Spain,1994-05-29,Damon Hill,WILLIAMS RENAULT,65,36:14.4
Canada,1994-06-12,Michael Schumacher,BENETTON FORD,69,44:31.9
France,1994-07-03,Michael Schumacher,BENETTON FORD,72,38:35.7
Great Britain,1994-07-10,Damon Hill,WILLIAMS RENAULT,60,30:03.6
Germany,1994-07-31,Gerhard Berger,FERRARI,45,22:37.3
Hungary,1994-08-14,Michael Schumacher,BENETTON FORD,77,48:00.2
Belgium,1994-08-28,Damon Hill,WILLIAMS RENAULT,44,28:47.2
Italy,1994-09-11,Damon Hill,WILLIAMS RENAULT,53,18:02.8
Portugal,1994-09-25,Damon Hill,WILLIAMS RENAULT,71,41:10.2
Europe,1994-10-16,Michael Schumacher,BENETTON FORD,69,40:26.7
Japan,1994-11-06,Damon Hill,WILLIAMS RENAULT,50,55:53.5
Australia,1994-11-13,Nigel Mansell,WILLIAMS RENAULT,81,47:51.5
Brazil,1995-03-26,Michael Schumacher,BENETTON RENAULT,71,38:34.2
Argentina,1995-04-09,Damon Hill,WILLIAMS RENAULT,71,51:39.5
San Marino,1995-04-30,Damon Hill,WILLIAMS RENAULT,63,41:42.6
Spain,1995-05-14,Michael Schumacher,BENETTON RENAULT,65,34:20.5
Monaco,1995-05-28,Michael Schumacher,BENETTON RENAULT,78,53:11.3
Canada,1995-06-11,Jean Alesi,FERRARI,69,46:31.3
France,1995-07-02,Michael Schumacher,BENETTON RENAULT,72,38:28.4
Great Britain,1995-07-16,Johnny Herbert,BENETTON RENAULT,61,34:35.1
Germany,1995-07-30,Michael Schumacher,BENETTON RENAULT,45,22:56.0
Hungary,1995-08-13,Damon Hill,WILLIAMS RENAULT,77,46:25.7
Belgium,1995-08-27,Michael Schumacher,BENETTON RENAULT,44,36:47.9
Italy,1995-09-10,Johnny Herbert,BENETTON RENAULT,53,18:27.9
Portugal,1995-09-24,David Coulthard,WILLIAMS RENAULT,71,41:52.1
Europe,1995-10-01,Michael Schumacher,BENETTON RENAULT,67,39:59.0
Pacific,1995-10-22,Michael Schumacher,BENETTON RENAULT,83,48:50.0
Japan,1995-10-29,Michael Schumacher,BENETTON RENAULT,53,36:52.9
Australia,1995-11-12,Damon Hill,WILLIAMS RENAULT,81,49:15.9
Australia,1996-03-10,Damon Hill,WILLIAMS RENAULT,58,32:50.5
Brazil,1996-03-31,Damon Hill,WILLIAMS RENAULT,71,49:53.0
Argentina,1996-04-07,Damon Hill,WILLIAMS RENAULT,72,54:55.3
Europe,1996-04-28,Jacques Villeneuve,WILLIAMS RENAULT,67,33:26.5
San Marino,1996-05-05,Damon Hill,WILLIAMS RENAULT,63,35:26.2
Monaco,1996-05-19,Olivier Panis,LIGIER MUGEN HONDA,75,00:45.6
Spain,1996-06-02,Michael Schumacher,FERRARI,65,59:49.3
Canada,1996-06-16,Damon Hill,WILLIAMS RENAULT,69,36:03.5
France,1996-06-30,Damon Hill,WILLIAMS RENAULT,72,36:28.8
Great Britain,1996-07-14,Jacques Villeneuve,WILLIAMS RENAULT,61,33:00.9
Germany,1996-07-28,Damon Hill,WILLIAMS RENAULT,45,21:43.4
Hungary,1996-08-11,Jacques Villeneuve,WILLIAMS RENAULT,77,46:21.1
Belgium,1996-08-25,Michael Schumacher,FERRARI,44,28:15.1
Italy,1996-09-08,Michael Schumacher,FERRARI,53,17:43.6
Portugal,1996-09-22,Jacques Villeneuve,WILLIAMS RENAULT,70,40:22.9
Japan,1996-10-13,Damon Hill,WILLIAMS RENAULT,52,32:33.8
Australia,1997-03-09,David Coulthard,MCLAREN MERCEDES,58,30:28.7
Brazil,1997-03-30,Jacques Villeneuve,WILLIAMS RENAULT,72,36:07.0
Argentina,1997-04-13,Jacques Villeneuve,WILLIAMS RENAULT,72,52:01.7
San Marino,1997-04-27,Heinz-Harald Frentzen,WILLIAMS RENAULT,62,31:00.7
Monaco,1997-05-11,Michael Schumacher,FERRARI,62,00:05.7
Spain,1997-05-25,Jacques Villeneuve,WILLIAMS RENAULT,64,30:35.9
Canada,1997-06-15,Michael Schumacher,FERRARI,54,17:40.6
France,1997-06-29,Michael Schumacher,FERRARI,72,38:50.5
Great Britain,1997-07-13,Jacques Villeneuve,WILLIAMS RENAULT,59,28:01.7
Germany,1997-07-27,Gerhard Berger,BENETTON RENAULT,45,20:59.0
Hungary,1997-08-10,Jacques Villeneuve,WILLIAMS RENAULT,77,45:47.1
Belgium,1997-08-24,Michael Schumacher,FERRARI,44,33:46.7
Italy,1997-09-07,David Coulthard,MCLAREN MERCEDES,53,17:04.6
Austria,1997-09-21,Jacques Villeneuve,WILLIAMS RENAULT,71,27:36.0
Luxembourg,1997-09-28,Jacques Villeneuve,WILLIAMS RENAULT,67,31:27.8
Japan,1997-10-12,Michael Schumacher,FERRARI,53,29:48.4
Europe,1997-10-26,Mika Hakkinen,MCLAREN MERCEDES,69,38:57.8
Australia,1998-03-08,Mika Hakkinen,MCLAREN MERCEDES,58,31:46.0
Brazil,1998-03-29,Mika Hakkinen,MCLAREN MERCEDES,72,37:11.7
Argentina,1998-04-12,Michael Schumacher,FERRARI,72,48:36.2
San Marino,1998-04-26,David Coulthard,MCLAREN MERCEDES,62,34:24.6
Spain,1998-05-10,Mika Hakkinen,MCLAREN MERCEDES,65,33:37.6
Monaco,1998-05-24,Mika Hakkinen,MCLAREN MERCEDES,78,51:23.6
Canada,1998-06-07,Michael Schumacher,FERRARI,69,40:57.4
France,1998-06-28,Michael Schumacher,FERRARI,71,34:45.0
Great Britain,1998-07-12,Michael Schumacher,FERRARI,60,47:02.5
Austria,1998-07-26,Mika Hakkinen,MCLAREN MERCEDES,71,30:44.1
Germany,1998-08-02,Mika Hakkinen,MCLAREN MERCEDES,45,20:48.0
Hungary,1998-08-16,Michael Schumacher,FERRARI,77,45:25.5
Belgium,1998-08-30,Damon Hill,JORDAN MUGEN HONDA,44,43:47.4
Italy,1998-09-13,Michael Schumacher,FERRARI,53,17:09.7
Luxembourg,1998-09-27,Mika Hakkinen,MCLAREN MERCEDES,67,32:14.8
Japan,1998-11-01,Mika Hakkinen,MCLAREN MERCEDES,51,27:22.5
Australia,1999-03-07,Eddie Irvine,FERRARI,57,35:01.7
Brazil,1999-04-11,Mika Hakkinen,MCLAREN MERCEDES,72,36:03.8
San Marino,1999-05-02,Michael Schumacher,FERRARI,62,33:44.8
Monaco,1999-05-16,Michael Schumacher,FERRARI,78,49:31.8
Spain,1999-05-30,Mika Hakkinen,MCLAREN MERCEDES,65,34:13.7
Canada,1999-06-13,Mika Hakkinen,MCLAREN MERCEDES,69,41:35.7
France,1999-06-27,Heinz-Harald Frentzen,JORDAN MUGEN HONDA,72,58:24.3
Great Britain,1999-07-11,David Coulthard,MCLAREN MERCEDES,60,32:30.1
Austria,1999-07-25,Eddie Irvine,FERRARI,71,28:12.4
Germany,1999-08-01,Eddie Irvine,FERRARI,45,21:58.6
Hungary,1999-08-15,Mika Hakkinen,MCLAREN MERCEDES,77,46:23.5
Belgium,1999-08-29,David Coulthard,MCLAREN MERCEDES,44,25:43.1
Italy,1999-09-12,Heinz-Harald Frentzen,JORDAN MUGEN HONDA,53,17:02.9
Europe,1999-09-26,Johnny Herbert,STEWART FORD,66,41:54.3
Malaysia,1999-10-17,Eddie Irvine,FERRARI,56,36:38.5
Japan,1999-10-31,Mika Hakkinen,MCLAREN MERCEDES,53,31:18.8
Australia,2000-03-12,Michael Schumacher,FERRARI,58,34:02.0
Brazil,2000-03-26,Michael Schumacher,FERRARI,71,31:35.3
San Marino,2000-04-09,Michael Schumacher,FERRARI,62,31:39.8
Great Britain,2000-04-23,David Coulthard,MCLAREN MERCEDES,60,28:50.1
Spain,2000-05-07,Mika Hakkinen,MCLAREN MERCEDES,65,33:55.4
Europe,2000-05-21,Michael Schumacher,FERRARI,67,42:00.3
Monaco,2000-06-04,David Coulthard,MCLAREN MERCEDES,78,49:28.2
Canada,2000-06-18,Michael Schumacher,FERRARI,69,41:12.3
France,2000-07-02,David Coulthard,MCLAREN MERCEDES,72,38:05.5
Austria,2000-07-16,Mika Hakkinen,MCLAREN MERCEDES,71,28:15.8
Germany,2000-07-30,Rubens Barrichello,FERRARI,45,25:34.4
Hungary,2000-08-13,Mika Hakkinen,MCLAREN MERCEDES,77,45:33.9
Belgium,2000-08-27,Mika Hakkinen,MCLAREN MERCEDES,44,28:14.5
Italy,2000-09-10,Michael Schumacher,FERRARI,53,27:31.6
United States,2000-09-24,Michael Schumacher,FERRARI,73,36:30.9
Japan,2000-10-08,Michael Schumacher,FERRARI,53,29:53.4
Malaysia,2000-10-22,Michael Schumacher,FERRARI,56,35:54.2
Australia,2001-03-04,Michael Schumacher,FERRARI,58,38:26.5
Malaysia,2001-03-18,Michael Schumacher,FERRARI,55,47:34.8
Brazil,2001-04-01,David Coulthard,MCLAREN MERCEDES,71,39:00.8
San Marino,2001-04-15,Ralf Schumacher,WILLIAMS BMW,62,30:44.8
Spain,2001-04-29,Michael Schumacher,FERRARI,65,31:03.3
Austria,2001-05-13,David Coulthard,MCLAREN MERCEDES,71,27:45.9
Monaco,2001-05-27,Michael Schumacher,FERRARI,78,47:22.6
Canada,2001-06-10,Ralf Schumacher,WILLIAMS BMW,69,34:31.5
Europe,2001-06-24,Michael Schumacher,FERRARI,67,29:42.7
France,2001-07-01,Michael Schumacher,FERRARI,72,33:35.6
Great Britain,2001-07-15,Mika Hakkinen,MCLAREN MERCEDES,60,25:33.8
Germany,2001-07-29,Ralf Schumacher,WILLIAMS BMW,45,18:17.9
Hungary,2001-08-19,Michael Schumacher,FERRARI,77,41:49.7
Belgium,2001-09-02,Michael Schumacher,FERRARI,36,08:05.0
Italy,2001-09-16,Juan Pablo Montoya,WILLIAMS BMW,53,16:58.5
United States,2001-09-30,Mika Hakkinen,MCLAREN MERCEDES,73,32:42.8
Japan,2001-10-14,Michael Schumacher,FERRARI,53,27:33.3
Australia,2002-03-03,Michael Schumacher,FERRARI,58,35:36.8
Malaysia,2002-03-17,Ralf Schumacher,WILLIAMS BMW,56,34:12.9
Brazil,2002-03-31,Michael Schumacher,FERRARI,71,31:43.7
San Marino,2002-04-14,Michael Schumacher,FERRARI,62,29:10.8
Spain,2002-04-28,Michael Schumacher,FERRARI,65,30:30.0
Austria,2002-05-12,Michael Schumacher,FERRARI,71,33:51.6
Monaco,2002-05-26,David Coulthard,MCLAREN MERCEDES,78,45:39.1
Canada,2002-06-09,Michael Schumacher,FERRARI,70,33:36.1
Europe,2002-06-23,Rubens Barrichello,FERRARI,60,35:07.4
Great Britain,2002-07-07,Michael Schumacher,FERRARI,60,31:45.0
France,2002-07-21,Michael Schumacher,FERRARI,72,32:09.8
Germany,2002-07-28,Michael Schumacher,FERRARI,67,27:52.1
Hungary,2002-08-18,Rubens Barrichello,FERRARI,77,41:49.0
Belgium,2002-09-01,Michael Schumacher,FERRARI,44,21:20.6
Italy,2002-09-15,Rubens Barrichello,FERRARI,53,16:20.0
United States,2002-09-29,Rubens Barrichello,FERRARI,73,31:07.9
Japan,2002-10-13,Michael Schumacher,FERRARI,53,26:59.7
Australia,2003-03-09,David Coulthard,MCLAREN MERCEDES,58,34:42.1
Malaysia,2003-03-23,Kimi Raikkonen ,MCLAREN MERCEDES,56,32:22.2
Brazil,2003-04-06,Giancarlo Fisichella,JORDAN FORD,54,31:17.7
San Marino,2003-04-20,Michael Schumacher,FERRARI,62,28:12.1
Spain,2003-05-04,Michael Schumacher,FERRARI,65,33:46.9
Austria,2003-05-18,Michael Schumacher,FERRARI,69,24:04.9
Monaco,2003-06-01,Juan Pablo Montoya,WILLIAMS BMW,78,42:19.0
Canada,2003-06-15,Michael Schumacher,FERRARI,70,31:13.6
Europe,2003-06-29,Ralf Schumacher,WILLIAMS BMW,60,34:43.6
France,2003-07-06,Ralf Schumacher,WILLIAMS BMW,70,30:49.2
Great Britain,2003-07-20,Rubens Barrichello,FERRARI,60,28:37.6
Germany,2003-08-03,Juan Pablo Montoya,WILLIAMS BMW,67,28:48.8
Hungary,2003-08-24,Fernando Alonso,RENAULT,70,39:01.5
Italy,2003-09-14,Michael Schumacher,FERRARI,53,14:19.8
United States,2003-09-28,Michael Schumacher,FERRARI,73,33:36.0
Japan,2003-10-12,Rubens Barrichello,FERRARI,53,25:11.7
Australia,2004-03-07,Michael Schumacher,FERRARI,58,24:15.8
Malaysia,2004-03-21,Michael Schumacher,FERRARI,56,31:07.5
Bahrain,2004-04-04,Michael Schumacher,FERRARI,57,28:34.9
San Marino,2004-04-25,Michael Schumacher,FERRARI,62,26:19.7
Spain,2004-05-09,Michael Schumacher,FERRARI,66,27:32.8
Monaco,2004-05-23,Jarno Trulli,RENAULT,77,45:46.6
Europe,2004-05-30,Michael Schumacher,FERRARI,60,32:35.1
Canada,2004-06-13,Michael Schumacher,FERRARI,70,28:24.8
United States,2004-06-20,Michael Schumacher,FERRARI,73,40:29.9
France,2004-07-04,Michael Schumacher,FERRARI,70,30:18.1
Great Britain,2004-07-11,Michael Schumacher,FERRARI,60,24:42.7
Germany,2004-07-25,Michael Schumacher,FERRARI,66,23:54.8
Hungary,2004-08-15,Michael Schumacher,FERRARI,70,35:26.1
Belgium,2004-08-29,Kimi Raikkonen ,MCLAREN MERCEDES,44,32:35.3
Italy,2004-09-12,Rubens Barrichello,FERRARI,53,15:18.4
China,2004-09-26,Rubens Barrichello,FERRARI,56,29:12.4
Japan,2004-10-10,Michael Schumacher,FERRARI,53,24:27.0
Brazil,2004-10-24,Juan Pablo Montoya,WILLIAMS BMW,71,28:01.5
Australia,2005-03-06,Giancarlo Fisichella,RENAULT,57,24:17.3
Malaysia,2005-03-20,Fernando Alonso,RENAULT,56,31:33.7
Bahrain,2005-04-03,Fernando Alonso,RENAULT,57,29:18.5
San Marino,2005-04-24,Fernando Alonso,RENAULT,62,27:41.9
Spain,2005-05-08,Kimi Raikkonen ,MCLAREN MERCEDES,66,27:16.8
Monaco,2005-05-22,Kimi Raikkonen ,MCLAREN MERCEDES,78,45:15.6
Europe,2005-05-29,Fernando Alonso,RENAULT,59,31:46.6
Canada,2005-06-12,Kimi Raikkonen ,MCLAREN MERCEDES,70,32:09.3
United States,2005-06-19,Michael Schumacher,FERRARI,73,29:43.2
France,2005-07-03,Fernando Alonso,RENAULT,70,31:22.2
Great Britain,2005-07-10,Juan Pablo Montoya,MCLAREN MERCEDES,60,24:29.6
Germany,2005-07-24,Fernando Alonso,RENAULT,67,26:28.6
Hungary,2005-07-31,Kimi Raikkonen ,MCLAREN MERCEDES,70,37:25.6
Turkey,2005-08-21,Kimi Raikkonen ,MCLAREN MERCEDES,58,24:34.5
Italy,2005-09-04,Juan Pablo Montoya,MCLAREN MERCEDES,53,14:28.7
Belgium,2005-09-11,Kimi Raikkonen ,MCLAREN MERCEDES,44,30:01.3
Brazil,2005-09-25,Juan Pablo Montoya,MCLAREN MERCEDES,71,29:20.6
Japan,2005-10-09,Kimi Raikkonen ,MCLAREN MERCEDES,53,29:02.2
China,2005-10-16,Fernando Alonso,RENAULT,56,39:53.6
Bahrain,2006-03-12,Fernando Alonso,RENAULT,57,29:46.2
Malaysia,2006-03-19,Giancarlo Fisichella,RENAULT,56,30:40.5
Australia,2006-04-02,Fernando Alonso,RENAULT,57,34:27.9
San Marino,2006-04-23,Michael Schumacher,FERRARI,62,31:06.5
Europe,2006-05-07,Michael Schumacher,FERRARI,60,35:58.8
Spain,2006-05-14,Fernando Alonso,RENAULT,66,26:21.8
Monaco,2006-05-28,Fernando Alonso,RENAULT,78,43:43.1
Great Britain,2006-06-11,Fernando Alonso,RENAULT,60,25:51.9
Canada,2006-06-25,Fernando Alonso,RENAULT,70,34:37.3
United States,2006-07-02,Michael Schumacher,FERRARI,73,34:35.2
France,2006-07-16,Michael Schumacher,FERRARI,70,32:07.8
Germany,2006-07-30,Michael Schumacher,FERRARI,67,27:51.7
Hungary,2006-08-06,Jenson Button,HONDA,70,52:20.9
Turkey,2006-08-27,Felipe Massa,FERRARI,58,28:51.1
Italy,2006-09-10,Michael Schumacher,FERRARI,53,14:52.0
China,2006-10-01,Michael Schumacher,FERRARI,56,37:32.7
Japan,2006-10-08,Fernando Alonso,RENAULT,53,23:53.4
Brazil,2006-10-22,Felipe Massa,FERRARI,71,31:53.8
Australia,2007-03-18,Kimi Raikkonen ,FERRARI,58,25:28.8
Malaysia,2007-04-08,Fernando Alonso,MCLAREN MERCEDES,56,32:14.9
Bahrain,2007-04-15,Felipe Massa,FERRARI,57,33:27.5
Spain,2007-05-13,Felipe Massa,FERRARI,65,31:36.2
Monaco,2007-05-27,Fernando Alonso,MCLAREN MERCEDES,78,40:29.3
Canada,2007-06-10,Lewis Hamilton,MCLAREN MERCEDES,70,44:11.3
United States,2007-06-17,Lewis Hamilton,MCLAREN MERCEDES,73,31:10.0
France,2007-07-01,Kimi Raikkonen ,FERRARI,70,30:54.2
Great Britain,2007-07-08,Kimi Raikkonen ,FERRARI,59,21:43.1
Europe,2007-07-22,Fernando Alonso,MCLAREN MERCEDES,60,06:26.4
Hungary,2007-08-05,Lewis Hamilton,MCLAREN MERCEDES,70,35:53.0
Turkey,2007-08-26,Felipe Massa,FERRARI,58,26:42.2
Italy,2007-09-09,Fernando Alonso,MCLAREN MERCEDES,53,18:37.8
Belgium,2007-09-16,Kimi Raikkonen ,FERRARI,44,20:39.1
Japan,2007-09-30,Lewis Hamilton,MCLAREN MERCEDES,67,00:34.6
China,2007-10-07,Kimi Raikkonen ,FERRARI,56,37:58.4
Brazil,2007-10-21,Kimi Raikkonen ,FERRARI,71,28:15.3
Australia,2008-03-16,Lewis Hamilton,MCLAREN MERCEDES,58,34:50.6
Malaysia,2008-03-23,Kimi Raikkonen ,FERRARI,56,31:18.6
Bahrain,2008-04-06,Felipe Massa,FERRARI,57,31:07.0
Spain,2008-04-27,Kimi Raikkonen ,FERRARI,66,38:19.1
Turkey,2008-05-11,Felipe Massa,FERRARI,58,26:49.5
Monaco,2008-05-25,Lewis Hamilton,MCLAREN MERCEDES,76,00:42.7
Canada,2008-06-08,Robert Kubica,SAUBER BMW,70,36:24.4
France,2008-06-22,Felipe Massa,FERRARI,70,31:50.2
Great Britain,2008-07-06,Lewis Hamilton,MCLAREN MERCEDES,60,39:09.4
Germany,2008-07-20,Lewis Hamilton,MCLAREN MERCEDES,67,31:20.9
Hungary,2008-08-03,Heikki Kovalainen,MCLAREN MERCEDES,70,37:27.1
Europe,2008-08-24,Felipe Massa,FERRARI,57,35:32.3
Belgium,2008-09-07,Felipe Massa,FERRARI,44,22:59.4
Italy,2008-09-14,Sebastian Vettel,STR FERRARI,53,26:47.5
Singapore,2008-09-28,Fernando Alonso,RENAULT,61,57:16.3
Japan,2008-10-12,Fernando Alonso,RENAULT,67,30:21.9
China,2008-10-19,Lewis Hamilton,MCLAREN MERCEDES,56,31:57.4
Brazil,2008-11-02,Felipe Massa,FERRARI,71,34:11.4
Australia,2009-03-29,Jenson Button,BRAWN MERCEDES,58,34:15.8
Malaysia,2009-04-05,Jenson Button,BRAWN MERCEDES,31,55:30.6
China,2009-04-19,Sebastian Vettel,RBR RENAULT,56,57:43.5
Bahrain,2009-04-26,Jenson Button,BRAWN MERCEDES,57,31:48.2
Spain,2009-05-10,Jenson Button,BRAWN MERCEDES,66,37:19.2
Monaco,2009-05-24,Jenson Button,BRAWN MERCEDES,78,40:44.3
Turkey,2009-06-07,Jenson Button,BRAWN MERCEDES,58,26:24.8
Great Britain,2009-06-21,Sebastian Vettel,RBR RENAULT,60,22:49.3
Germany,2009-07-12,Mark Webber,RBR RENAULT,60,36:43.3
Hungary,2009-07-26,Lewis Hamilton,MCLAREN MERCEDES,70,38:23.9
Europe,2009-08-23,Rubens Barrichello,BRAWN MERCEDES,57,35:51.3
Belgium,2009-08-30,Kimi Raikkonen ,FERRARI,44,23:51.0
Italy,2009-09-13,Rubens Barrichello,BRAWN MERCEDES,53,16:21.7
Singapore,2009-09-27,Lewis Hamilton,MCLAREN MERCEDES,61,56:06.3
Japan,2009-10-04,Sebastian Vettel,RBR RENAULT,53,28:20.4
Brazil,2009-10-18,Mark Webber,RBR RENAULT,71,32:23.1
Abu Dhabi,2009-11-01,Sebastian Vettel,RBR RENAULT,55,34:03.4
Bahrain,2010-03-14,Fernando Alonso,FERRARI,49,39:20.4
Australia,2010-03-28,Jenson Button,MCLAREN MERCEDES,58,33:36.5
Malaysia,2010-04-04,Sebastian Vettel,RBR RENAULT,56,33:48.4
China,2010-04-18,Jenson Button,MCLAREN MERCEDES,56,46:42.2
Spain,2010-05-09,Mark Webber,RBR RENAULT,66,35:44.1
Monaco,2010-05-16,Mark Webber,RBR RENAULT,78,50:13.4
Turkey,2010-05-30,Lewis Hamilton,MCLAREN MERCEDES,58,28:47.6
Canada,2010-06-13,Lewis Hamilton,MCLAREN MERCEDES,70,33:53.5
Europe,2010-06-27,Sebastian Vettel,RBR RENAULT,57,40:29.6
Great Britain,2010-07-11,Mark Webber,RBR RENAULT,52,24:38.2
Germany,2010-07-25,Fernando Alonso,FERRARI,67,27:38.9
Hungary,2010-08-01,Mark Webber,RBR RENAULT,70,41:05.6
Belgium,2010-08-29,Lewis Hamilton,MCLAREN MERCEDES,44,29:04.3
Italy,2010-09-12,Fernando Alonso,FERRARI,53,16:24.6
Singapore,2010-09-26,Fernando Alonso,FERRARI,61,57:53.6
Japan,2010-10-10,Sebastian Vettel,RBR RENAULT,53,30:27.3
South Korea,2010-10-24,Fernando Alonso,FERRARI,55,48:20.8
Brazil,2010-11-07,Sebastian Vettel,RBR RENAULT,71,33:11.8
Abu Dhabi,2010-11-14,Sebastian Vettel,RBR RENAULT,55,39:36.8
Australia,2011-03-27,Sebastian Vettel,RED BULL RACING RENAULT,58,29:30.3
Malaysia,2011-04-10,Sebastian Vettel,RED BULL RACING RENAULT,56,37:39.8
China,2011-04-17,Lewis Hamilton,MCLAREN MERCEDES,56,36:58.2
Turkey,2011-05-08,Sebastian Vettel,RED BULL RACING RENAULT,58,30:17.6
Spain,2011-05-22,Sebastian Vettel,RED BULL RACING RENAULT,66,39:03.3
Monaco,2011-05-29,Sebastian Vettel,RED BULL RACING RENAULT,78,09:38.4
Canada,2011-06-12,Jenson Button,MCLAREN MERCEDES,70,04:39.5
Europe,2011-06-26,Sebastian Vettel,RED BULL RACING RENAULT,57,39:36.2
Great Britain,2011-07-10,Fernando Alonso,FERRARI,52,28:41.2
Germany,2011-07-24,Lewis Hamilton,MCLAREN MERCEDES,60,37:30.3
Hungary,2011-07-31,Jenson Button,MCLAREN MERCEDES,70,46:42.3
Belgium,2011-08-28,Sebastian Vettel,RED BULL RACING RENAULT,44,26:44.9
Italy,2011-09-11,Sebastian Vettel,RED BULL RACING RENAULT,53,20:46.2
Singapore,2011-09-25,Sebastian Vettel,RED BULL RACING RENAULT,61,59:06.8
Japan,2011-10-09,Jenson Button,MCLAREN MERCEDES,53,30:53.4
South Korea,2011-10-16,Sebastian Vettel,RED BULL RACING RENAULT,55,38:02.0
India,2011-10-30,Sebastian Vettel,RED BULL RACING RENAULT,60,30:35.0
Abu Dhabi,2011-11-13,Lewis Hamilton,MCLAREN MERCEDES,55,37:11.9
Brazil,2011-11-27,Mark Webber,RED BULL RACING RENAULT,71,32:17.5
Australia,2012-03-18,Jenson Button,MCLAREN MERCEDES,58,34:09.6
Malaysia,2012-03-25,Fernando Alonso,FERRARI,56,44:51.8
China,2012-04-15,Nico Rosberg,MERCEDES,56,36:26.9
Bahrain,2012-04-22,Sebastian Vettel,RED BULL RACING RENAULT,57,35:11.0
Spain,2012-05-13,Pastor Maldonado,WILLIAMS RENAULT,66,39:09.1
Monaco,2012-05-27,Mark Webber,RED BULL RACING RENAULT,78,46:06.6
Canada,2012-06-10,Lewis Hamilton,MCLAREN MERCEDES,70,32:29.6
Europe,2012-06-24,Fernando Alonso,FERRARI,57,44:16.6
Great Britain,2012-07-08,Mark Webber,RED BULL RACING RENAULT,52,25:11.3
Germany,2012-07-22,Fernando Alonso,FERRARI,67,31:05.9
Hungary,2012-07-29,Lewis Hamilton,MCLAREN MERCEDES,69,41:05.5
Belgium,2012-09-02,Jenson Button,MCLAREN MERCEDES,44,29:08.5
Italy,2012-09-09,Lewis Hamilton,MCLAREN MERCEDES,53,19:41.2
Singapore,2012-09-23,Sebastian Vettel,RED BULL RACING RENAULT,59,00:26.1
Japan,2012-10-07,Sebastian Vettel,RED BULL RACING RENAULT,53,28:56.2
South Korea,2012-10-14,Sebastian Vettel,RED BULL RACING RENAULT,55,36:28.7
India,2012-10-28,Sebastian Vettel,RED BULL RACING RENAULT,60,31:10.7
Abu Dhabi,2012-11-04,Kimi Raikkonen ,LOTUS RENAULT,55,45:58.7
United States,2012-11-18,Lewis Hamilton,MCLAREN MERCEDES,56,35:55.3
Brazil,2012-11-25,Jenson Button,MCLAREN MERCEDES,71,45:22.7
Australia,2013-03-17,Kimi Raikkonen ,LOTUS RENAULT,58,30:03.2
Malaysia,2013-03-24,Sebastian Vettel,RED BULL RACING RENAULT,56,38:56.7
China,2013-04-14,Fernando Alonso,FERRARI,56,36:26.9
Bahrain,2013-04-21,Sebastian Vettel,RED BULL RACING RENAULT,57,36:00.5
Spain,2013-05-12,Fernando Alonso,FERRARI,66,39:16.6
Monaco,2013-05-26,Nico Rosberg,MERCEDES,78,17:52.1
Canada,2013-06-09,Sebastian Vettel,RED BULL RACING RENAULT,70,32:09.1
Great Britain,2013-06-30,Nico Rosberg,MERCEDES,52,32:59.5
Germany,2013-07-07,Sebastian Vettel,RED BULL RACING RENAULT,60,41:14.7
Hungary,2013-07-28,Lewis Hamilton,MERCEDES,70,42:29.4
Belgium,2013-08-25,Sebastian Vettel,RED BULL RACING RENAULT,44,23:42.2
Italy,2013-09-08,Sebastian Vettel,RED BULL RACING RENAULT,53,18:33.4
Singapore,2013-09-22,Sebastian Vettel,RED BULL RACING RENAULT,61,59:13.1
South Korea,2013-10-06,Sebastian Vettel,RED BULL RACING RENAULT,55,43:13.7
Japan,2013-10-13,Sebastian Vettel,RED BULL RACING RENAULT,53,26:49.3
India,2013-10-27,Sebastian Vettel,RED BULL RACING RENAULT,60,31:12.2
Abu Dhabi,2013-11-03,Sebastian Vettel,RED BULL RACING RENAULT,55,38:06.1
United States,2013-11-17,Sebastian Vettel,RED BULL RACING RENAULT,56,39:17.1
Brazil,2013-11-24,Sebastian Vettel,RED BULL RACING RENAULT,71,32:36.3
Australia,2014-03-16,Nico Rosberg,MERCEDES,57,32:58.7
Malaysia,2014-03-30,Lewis Hamilton,MERCEDES,56,40:26.0
Bahrain,2014-04-06,Lewis Hamilton,MERCEDES,57,39:42.7
China,2014-04-20,Lewis Hamilton,MERCEDES,54,33:28.3
Spain,2014-05-11,Lewis Hamilton,MERCEDES,66,41:05.2
Monaco,2014-05-25,Nico Rosberg,MERCEDES,78,49:27.7
Canada,2014-06-08,Daniel Ricciardo,RED BULL RACING RENAULT,70,39:12.8
Austria,2014-06-22,Nico Rosberg,MERCEDES,71,27:55.0
Great Britain,2014-07-06,Lewis Hamilton,MERCEDES,52,26:52.1
Germany,2014-07-20,Nico Rosberg,MERCEDES,67,33:42.9
Hungary,2014-07-27,Daniel Ricciardo,RED BULL RACING RENAULT,70,53:05.1
Belgium,2014-08-24,Daniel Ricciardo,RED BULL RACING RENAULT,44,24:36.6
Italy,2014-09-07,Lewis Hamilton,MERCEDES,53,19:10.2
Singapore,2014-09-21,Lewis Hamilton,MERCEDES,60,00:04.8
Japan,2014-10-05,Lewis Hamilton,MERCEDES,44,51:43.0
Russia,2014-10-21,Lewis Hamilton,MERCEDES,53,31:50.7
United States,2014-11-02,Lewis Hamilton,MERCEDES,56,40:04.8
Brazil,2014-11-09,Nico Rosberg,MERCEDES,71,30:02.6
Abu Dhabi,2014-11-23,Lewis Hamilton,MERCEDES,55,39:02.6
Australia,2015-03-15,Lewis Hamilton,MERCEDES,58,31:54.1
Malaysia,2015-03-29,Sebastian Vettel,FERRARI,56,41:05.8
China,2015-04-12,Lewis Hamilton,MERCEDES,56,39:42.0
Bahrain,2015-04-19,Lewis Hamilton,MERCEDES,57,35:05.8
Spain,2015-05-10,Nico Rosberg,MERCEDES,66,41:12.6
Monaco,2015-05-24,Nico Rosberg,MERCEDES,78,49:18.4
Canada,2015-06-07,Lewis Hamilton,MERCEDES,70,31:53.1
Austria,2015-06-21,Nico Rosberg,MERCEDES,71,30:16.9
Great Britain,2015-07-05,Lewis Hamilton,MERCEDES,52,31:27.7
Hungary,2015-07-26,Sebastian Vettel,FERRARI,69,46:10.0
Belgium,2015-08-23,Lewis Hamilton,MERCEDES,43,23:40.4
Italy,2015-09-06,Lewis Hamilton,MERCEDES,53,18:00.7
Singapore,2015-09-20,Sebastian Vettel,FERRARI,61,01:22.1
Japan,2015-09-27,Lewis Hamilton,MERCEDES,53,28:06.5
Russia,2015-10-11,Lewis Hamilton,MERCEDES,53,37:11.0
United States,2015-10-25,Lewis Hamilton,MERCEDES,56,50:52.7
Mexico,2015-11-01,Nico Rosberg,MERCEDES,71,42:35.0
Brazil,2015-11-15,Nico Rosberg,MERCEDES,71,31:09.1
Abu Dhabi,2015-11-29,Nico Rosberg,MERCEDES,55,38:30.2
Australia,2016-03-20,Nico Rosberg,MERCEDES,57,48:15.6
Bahrain,2016-04-03,Nico Rosberg,MERCEDES,57,33:34.7
China,2016-04-17,Nico Rosberg,MERCEDES,56,38:53.9
Russia,2016-05-01,Nico Rosberg,MERCEDES,53,32:42.0
Spain,2016-05-15,Max Verstappen,RED BULL RACING TAG HEUER,66,41:40.0
Monaco,2016-05-29,Lewis Hamilton,MERCEDES,78,59:29.1
Canada,2016-06-12,Lewis Hamilton,MERCEDES,70,31:05.3
Europe,2016-06-19,Nico Rosberg,MERCEDES,51,32:52.4
Austria,2016-07-03,Lewis Hamilton,MERCEDES,71,27:38.1
Great Britain,2016-07-10,Lewis Hamilton,MERCEDES,52,34:55.8
Hungary,2016-07-24,Lewis Hamilton,MERCEDES,70,40:30.1
Germany,2016-07-31,Lewis Hamilton,MERCEDES,67,30:44.2
Belgium,2016-08-28,Nico Rosberg,MERCEDES,44,44:51.1
Italy,2016-09-04,Nico Rosberg,MERCEDES,53,17:28.1
Singapore,2016-09-18,Nico Rosberg,MERCEDES,61,55:49.0
Malaysia,2016-10-02,Daniel Ricciardo,RED BULL RACING TAG HEUER,56,37:12.8
Japan,2016-10-09,Nico Rosberg,MERCEDES,53,26:43.3
United States,2016-10-23,Lewis Hamilton,MERCEDES,56,38:12.6
Mexico,2016-10-30,Lewis Hamilton,MERCEDES,71,40:31.4
Brazil,2016-11-13,Lewis Hamilton,MERCEDES,71,01:01.3
Abu Dhabi,2016-11-27,Lewis Hamilton,MERCEDES,55,38:04.0
Australia,2017-03-26,Sebastian Vettel,FERRARI,57,24:11.7
China,2017-04-09,Lewis Hamilton,MERCEDES,56,37:36.2
Bahrain,2017-04-16,Sebastian Vettel,FERRARI,57,33:53.4
Russia,2017-04-30,Valtteri Bottas,MERCEDES,52,28:08.7
Spain,2017-05-14,Lewis Hamilton,MERCEDES,66,35:56.5
Monaco,2017-05-28,Sebastian Vettel,FERRARI,78,44:44.3
Canada,2017-06-11,Lewis Hamilton,MERCEDES,70,33:05.2
Azerbaijan,2017-06-25,Daniel Ricciardo,RED BULL RACING TAG HEUER,51,03:55.6
Austria,2017-07-09,Valtteri Bottas,MERCEDES,71,21:48.5
Great Britain,2017-07-16,Lewis Hamilton,MERCEDES,51,21:27.4
Hungary,2017-07-30,Sebastian Vettel,FERRARI,70,39:46.7
Belgium,2017-08-27,Lewis Hamilton,MERCEDES,44,24:42.8
Italy,2017-09-03,Lewis Hamilton,MERCEDES,53,15:32.3
Singapore,2017-09-17,Lewis Hamilton,MERCEDES,58,03:23.5
Malaysia,2017-10-01,Max Verstappen,RED BULL RACING TAG HEUER,56,30:01.3
Japan,2017-10-08,Lewis Hamilton,MERCEDES,53,27:31.2
United States,2017-10-22,Lewis Hamilton,MERCEDES,56,33:51.0
Mexico,2017-10-29,Max Verstappen,RED BULL RACING TAG HEUER,71,36:26.6
Brazil,2017-11-12,Sebastian Vettel,FERRARI,71,31:26.3
Abu Dhabi,2017-11-26,Valtteri Bottas,MERCEDES,55,34:14.1
Australia,2018-03-25,Sebastian Vettel,FERRARI,58,29:33.3
Bahrain,2018-04-08,Sebastian Vettel,FERRARI,57,32:01.9
China,2018-04-15,Daniel Ricciardo,RED BULL RACING TAG HEUER,56,35:36.4
Azerbaijan,2018-04-29,Lewis Hamilton,MERCEDES,51,43:44.3
Spain,2018-05-13,Lewis Hamilton,MERCEDES,66,35:30.0
Monaco,2018-05-27,Daniel Ricciardo,RED BULL RACING TAG HEUER,78,42:54.8
Canada,2018-06-10,Sebastian Vettel,FERRARI,68,28:31.4
France,2018-06-24,Lewis Hamilton,MERCEDES,53,30:11.4
Austria,2018-07-01,Max Verstappen,RED BULL RACING TAG HEUER,71,21:56.0
Great Britain,2018-07-08,Sebastian Vettel,FERRARI,52,27:29.8
Germany,2018-07-22,Lewis Hamilton,MERCEDES,67,32:29.8
Hungary,2018-07-29,Lewis Hamilton,MERCEDES,70,37:16.4
Belgium,2018-08-26,Sebastian Vettel,FERRARI,44,23:34.5
Italy,2018-09-02,Lewis Hamilton,MERCEDES,53,16:54.5
Singapore,2018-09-16,Lewis Hamilton,MERCEDES,61,51:11.6
Russia,2018-09-30,Lewis Hamilton,MERCEDES,53,27:25.2
Japan,2018-10-07,Lewis Hamilton,MERCEDES,53,27:17.1
United States,2018-10-21,Kimi Raikkonen ,FERRARI,56,34:18.6
Mexico,2018-10-28,Max Verstappen,RED BULL RACING TAG HEUER,71,38:28.9
Brazil,2018-11-11,Lewis Hamilton,MERCEDES,71,27:09.1
Abu Dhabi,2018-11-25,Lewis Hamilton,MERCEDES,55,39:40.4
Australia,2019-03-17,Valtteri Bottas,MERCEDES,58,25:27.3
Bahrain,2019-03-31,Lewis Hamilton,MERCEDES,57,34:21.3
China,2019-04-14,Lewis Hamilton,MERCEDES,56,32:06.4
Azerbaijan,2019-04-28,Valtteri Bottas,MERCEDES,51,31:52.9
Spain,2019-05-12,Lewis Hamilton,MERCEDES,66,35:50.4
Monaco,2019-05-26,Lewis Hamilton,MERCEDES,78,43:28.4
Canada,2019-06-09,Lewis Hamilton,MERCEDES,70,29:07.1
France,2019-06-23,Lewis Hamilton,MERCEDES,53,24:31.2
Austria,2019-06-30,Max Verstappen,RED BULL RACING HONDA,71,22:01.8
Great Britain,2019-07-14,Lewis Hamilton,MERCEDES,52,21:08.5
Germany,2019-07-28,Max Verstappen,RED BULL RACING HONDA,64,44:31.3
Hungary,2019-08-04,Lewis Hamilton,MERCEDES,70,35:03.8
Belgium,2019-09-01,Charles Leclerc,FERRARI,44,23:45.7
Italy,2019-09-08,Charles Leclerc,FERRARI,53,15:26.7
Singapore,2019-09-22,Sebastian Vettel,FERRARI,61,58:33.7
Russia,2019-09-29,Lewis Hamilton,MERCEDES,53,33:39.0
Japan,2019-10-13,Valtteri Bottas,MERCEDES,52,21:46.8
Mexico,2019-10-27,Lewis Hamilton,MERCEDES,71,36:48.9
United States,2019-11-03,Valtteri Bottas,MERCEDES,56,33:55.7
Brazil,2019-11-17,Max Verstappen,RED BULL RACING HONDA,71,33:14.7
Abu Dhabi,2019-12-01,Lewis Hamilton,MERCEDES,55,34:05.7
Austria,2020-07-05,Valtteri Bottas,MERCEDES,71,30:55.7
Styria,2020-07-12,Lewis Hamilton,MERCEDES,71,22:50.7
Hungary,2020-07-19,Lewis Hamilton,MERCEDES,70,36:12.5
Great Britain,2020-08-02,Lewis Hamilton,MERCEDES,52,28:01.3
70th Anniversary,2020-08-09,Max Verstappen,RED BULL RACING HONDA,52,19:42.0
Spain,2020-08-16,Lewis Hamilton,MERCEDES,66,31:45.3
Belgium,2020-08-30,Lewis Hamilton,MERCEDES,44,24:08.8
Italy,2020-09-06,Pierre Gasly,ALPHATAURI HONDA,53,47:06.1
Tuscany,2020-09-13,Lewis Hamilton,MERCEDES,59,19:35.1
Russia,2020-09-27,Valtteri Bottas,MERCEDES,53,34:00.4
Eifel,2020-10-11,Lewis Hamilton,MERCEDES,60,35:49.6
Portugal,2020-10-25,Lewis Hamilton,MERCEDES,66,29:56.8
Emilia Romagna,2020-11-01,Lewis Hamilton,MERCEDES,63,28:32.4
Turkey,2020-11-15,Lewis Hamilton,MERCEDES,58,42:19.3
Bahrain,2020-11-29,Lewis Hamilton,MERCEDES,57,59:47.5
Sakhir,2020-12-06,Sergio Perez,RACING POINT BWT MERCEDES,87,31:15.1
Abu Dhabi,2020-12-13,Max Verstappen,RED BULL RACING HONDA,55,36:28.6
